fn_num,fn_type,status,fn_text,matched_ref
1,,,,
2,,,,
3,,,"Susan Sontag, ""The Decay of Cinema,"" The New York Times, February 25, 1996, https://www.nytimes.com/1996/02/25/magazine/the-decay-of-cinema.html (접속일: 2025년 10월 11일).",
4,,,"Francesco Casetti, The Lumière Galaxy: Seven Key Words for the Cinema to Come, trans. Antonio Somaini (New York: Columbia University Press, 2011).",
5,,,"Casetti, The Lumière Galaxy, 41.",
6,,,"김지훈, 「시네마의 변화와 존속 ― 『뤼미에르 은하계』와 포스트-시네마 연구」, 『현대영화연구』 29, no. 1 (2023).",
7,,,"〈파란만장〉 (Night Fishing), 감독 박찬경·박찬욱 (2011).",
8,,,"유운성, 「위기의 아름다움」, 『씨네21』, 2011년 9월 29일, https://cine21.com/news/view/?mag_id=66798 (접속일: 2025년 10월 1일).",
9,,,"Jean-Louis Baudry, ""Ideological Effects of the Basic Cinematographic Apparatus,"" Film Quarterly 28, no. 2 (1974): 39.",
10,,,"Casetti, The Lumière Galaxy, 41.",
11,,,"John Belton, ""If film is dead, what is cinema?"" Screen 55, no. 4 (Winter 2014): 467. 벨튼은 다음과 같이 말한다: ""If the transformation of the cinematic apparatus outlined by Friedberg is symptomatic of the erosion of the cinema's identity, could not the relative stability of the more traditional apparatus in the theatre become the means for fixing that identity in the era of multimedia digital soup?""",
12,,,"Casetti, The Lumière Galaxy, 32–45.",
13,,,"김영리, 「스크린 쿼터제 축소 반대운동을 비판하는 사람들」, 『월간 말』, 2006년 8월호.",
14,,,"곽영진, 「스크린쿼터, 그 축소 공방의 논리 지형」, 『PAF』 46호, 2004, 80-81. 메이저 영화의 스크린 독점과 마이너 영화의 상영 기회 부재 현상을 예상했으나, 스크린쿼터제의 아주 작은 부분이라며 해당 문제를 축소한다. 본 논문은 스크린쿼터가 독과점을 강화했다는 비판의 근거로 제시한다.",
15,,,박찬욱(Park Chan-wook)과 박찬경(Park Chan-kyong) 감독이 2011년에 결성한 공동 창작 프로젝트 팀 이름.,
16,,,〈파란만장〉(2011).,
17,,,"Casetti, Lumière Galaxy, 32–45.",
18,,,"Hito Steyerl, ""In Defense of the Poor Image,"" e-flux journal 10 (November 2009).",
19,,,"Gilles Deleuze, Cinema 2: The Time-Image (University of Minnesota Press, 1989).",
20,,,"Casetti, Lumière Galaxy, 135–148.",
21,,,"김지훈, 「다큐멘터리의 확장된 디스포지티프」, 『영화연구』 78호 (2018): 386.",
22,,,"맹하경, 「""운동화만 팔다간 망할 수도"" 닌텐도·넷플릭스와 경쟁하는 나이키」, 『한국일보』, 2020년 12월 2일.",
23,,,"Casetti, Lumière Galaxy, 42.",
24,,,"Steyerl, ""In Defense of the Poor Image,"" 8.",
25,,,"Deleuze, Cinéma 2, 145.",
26,,,"Casetti, Lumière Galaxy, 14.",
27,,,"Baudry, ""Ideological Effects of the Basic Cinematographic Apparatus,"" 39.",
28,,,"유운성, 「위기의 아름다움」, 『씨네21』.",
29,,,"김지훈, 「시네마의 변화와 존속」.",
30,,,"김지훈, 「다큐멘터리의 확장된 디스포지티프」, 5–67.",
31,,,"Belton, ""If film is dead, what is cinema?"" 467.",
32,,,"기 드보르, 『스펙타클의 사회』, 이경숙 옮김 (서울: 현실문화연구, 1996).",
33,,,"이미연, 「디지털 이미지의 정치성: 히토 슈타이얼의 작품과 저작을 경유하여 기 드보르의 실천 전략을 재질문하기」 , 연세대학교 커뮤니케이션대학원 석사학위논문 (2019).",
34,,,"최소영, 「포스트 디지털 시대의 예술과 이미지 연구 ― 히토 슈타이얼의 빈곤한 이미지 개념을 중심으로」, 『인공지능인문학연구』 7집 (2021): 171–193.",
35,,,"김민경, 「사회적 스크린의 판타스마고리아: 히토 슈타이얼의 이미지 정치 연구」, 서울대학교 대학원 석사학위논문 (2024).",
36,,,"Hito Steyerl, ""In Defense of the Poor Image,"" e-flux journal, 10(November 2009), https://www.e-flux.com/journal/10/61362/in-defense-of-the-poor-image.",
37,,,"Steyerl, ""In Defense of the Poor Image,"" 8.",
38,,,"김지훈, 「시네마의 변화와 존속」.",
39,,,"박선, 『카메라 소메티카: 포스트-시네마 시대의 회화와 영화』 (서울: 갈무리, 2023), 21–25.",
40,,,"자크 데리다, 『마르크스의 유령들』, 진태원 옮김 (서울: 이제이북스, 2012).",
41,,,"김지훈, 「시네마의 변화와 존속」.",
42,,,"Francesco Casetti, ""Back to the Motherland: The Film Theatre in the Postmedia Age,"" Screen, 52, no. 1 (2011): 1–12.",
43,,,"질 들뢰즈·펠릭스 가타리, 『천 개의 고원: 자본주의와 분열증 2』, 김재인 옮김 (서울: 새물결, 2003).",
44,,,"Casetti, Lumière Galaxy, 42–45.",
45,,,"미셸 푸코, 『헤테로토피아』, 이상길 옮김 (서울: 문학과지성사, 2014), 15–37.",
46,,,"Casetti, Lumière Galaxy, 135–148.",
47,,,"푸코, 『헤테로토피아』.",
48,,,"Casetti, Lumière Galaxy, 65–70, 105–110.",
49,,,이 명제는 본 연구의 핵심 가설이자 〈파란만장〉 (PARKing CHANce) 사례 분석을 통해 구체적으로 논증될 내용이다.,
50,,,"김지훈, 「시네마의 변화와 존속」, 386.",
51,,,"이은아, 「관객의 영화 경험에 대한 현상학적 접근: 메를로-퐁티 몸 현상학에 기반한 소브책 영화이론을 중심으로」, 서울대학교 대학원 석사학위논문 (2014).",
52,,,"Casetti, Lumière Galaxy, 168–180.",
53,,,"들뢰즈·가타리, 『천 개의 고원』, 156–157. 질서와 틀에서 벗어나 새로운 잠재성이나 연결을 창출하는 운동을 의미한다.",
54,,,"Deleuze, Cinema 2, 156–157. 크리스탈-이미지의 핵심적 작동 방식으로, 관객이 판단할 수 없게 만드는 모호한 상태를 일컫는다. 이 결정 불가능성이 관객에게 사유를 강제한다.",
55,,,"Deleuze, Cinema 2, 69–70. 순수 시간을 이미지로 직접 현현시킨다.",
56,,,"Deleuze, Cinema 2. 감각운동적 연접은 지각 → 감정 → 행동으로 자연스럽게 이어지는 흐름이다. ‘넘어진다 → 아픔을 느낀다 → 운다’ 대신 아무 반응이 없거나, 웃는 등 예상 밖의 행동을 할 때 연접의 단절이 일어난다.",
57,,,"Baudry, ""Ideological Effects of the Basic Cinematographic Apparatus,"" Film Quarterly 28, no. 2 (1974–75): 39–47. 영화관의 기술적·물리적 조건이 관객의 주체적 위치와 이데올로기적 환상을 고정시킨다고 주장한다.",
58,,,"Francesco Casetti, ""The Senses of the Place,"" Journal of Cinematic Studies 1, no. 1 (2020): 21–23. 관람의 주체를 참석과 수행으로 구분한다. 이 구분은 영화를 '장소 기반 미디어'로 인식하는 영화 경험의 근본적 변화를 설명한다.",
59,,,"Brian Massumi, Parables for the Virtual: Movement, Affect, Sensation (Durham: Duke University Press, 2002), 24–26.",
60,,,"들뢰즈·가타리, 『천 개의 고원』, 161–162. 개인을 통제하는 기존의 주체성을 벗어나, 탈영토화와 새로운 배치를 통해 새로운 사유와 감각을 창조하는 과정이다.",
61,,,"박선, 『카메라 소메티카』, 25. 그리스어 '소마(Soma, 몸)'에서 알 수 있듯, 시네마가 인간의 신체를 통해 세계를 감각하는 방식으로 전환되었음을 의미한다.",
62,,,"같은 책, 25. 드헬드 기법과 카메라 소메티카의 결정적인 차이는 '기법(technique)'과 '패러다임(paradigm)'의 차이에 있다. 바쟁의 표현을 빌리자면, 핸드헬드의 경우 카메라는 여전히 외부 세계를 관찰하는 '창문'의 역할을 수행하며, 그 창문이 조금 흔들릴 뿐이다.",
63,,,"〈파란만장〉의 불안정한 이미지를 아이폰이라는 기기의 기술적 한계로 보는 것은 타당하지 않다. KT의 제작 지원을 받은 프로젝트에서 짐벌(Gimbal)이나 리그(Rig) 시스템을 구비하는 것은 재정적으로 전혀 문제가 되지 않았다. 따라서 본고는 이러한 미학적 결과가 기술의 부재에서 비롯된 것이 아니라, 오히려 기계적 안정성을 의도적으로 거부하고 '신체적 현존감'을 극대화하려는 연출적 결단이었음을 전제로 논지를 전개한다.",
64,,,"롤랑 바르트, 『밝은 방: 사진에 관한 노트』, 김웅권 옮김 (서울: 동문선, 2006), 133. 사진의 기술적인 기원 때문에 어두운 통로의 관념과 연결시키는 것은 분명 잘못된 일다. 우리는 밝은방을 언급해야한다...(생략)...이미지의 본질은 내밀함 없이 전적으로 바깥에 있으나 내면의 사유보다 더 접근할 수 없고 더 신비하기 때문이다.",
65,,,"김예솔비, 「[기획] 미술관과 극장, 교환의 조건들」, 『씨네21』, 2022년 12월 8일, https://cine21.com/news/view/?mag_id=101597. 신은실 평론가는 이 시기를 영화감독들이 미술관으로 진입하고 미술관이 블랙박스를 설치하기 시작한 제도적 전환기로 짚고 있다.",
66,,,"유운성, 「위기의 아름다움」, 『씨네21』. 단순히 장르적 융합이 아닌 두 매체 및 제도의 위기적 교환이라는 관점으로 미술관 시네마 현상을 해석한다.",
67,,,"Brian O'Doherty, Inside the White Cube: The Ideology of the Gallery Space (Berkeley: University of California Press, 1986). 작품을 맥락으로부터 분리하고 순수성을 강조하는 전시 미학을 비판적으로 지칭한다.",
68,,,"A. L. Rees, A History of Experimental Film and Video (London: BFI, 2011), 160–180; 이택광, 「미술관 시네마의 정치적 이중성」, 『미술비평』 10 (2012): 24–40.",
69,,,"Casetti, Lumière Galaxy, 21–23. 및 본고 2.4.2. '정동적 수행' 논의.",
70,,,'아이폰으로 찍힌/미술관에 전시된 이미지다'라는 사실을 끊임없이 상기시킨다는 의미로서 사용.,
71,,,"박찬욱, 이정현이라는 유명인, SF/호러 요소를 활용한 대중적인 단편 영화의 형태의 상업영화의 겉보기를 갖추고 있다.",
72,,,"Steyerl, ""In Defense of the Poor Image,"" 8.",
73,,,"Steyerl, Poor Image, 8.",
74,,,본 고에서 주장하는 내용이다.,
75,,,"Steyerl, ""In Defense of the Poor Image,"" https://www.e-flux.com/journal/10/61362/in-defense-of-the-poor-image.",
76,,,"앙드레 바쟁, 『영화란 무엇인가』, 김종원 역 (서울: 문학과지성사, 2000), 25.",
77,,,"Steyerl, ""In Defense of the Poor Image.""",
78,,,"Steyerl, ""In Defense of the Poor Image.""",
79,,,"Casetti, Lumière Galaxy, 21–23. 본 연구에서 정의하는 개념으로, 비표준 기술(아이폰)의 선택이 제도적 공간(미술관)으로의 진입과 결합하여, 전통적인 시네마의 장치론적 통제와 고화질 미학으로부터 창작 자율성을 확보하려는 이중적 탈영토화 전략을 의미한다.",
80,,,"들뢰즈·가타리, 『천 개의 고원』. 본고에서 사용한 '기술-전략적 결합체'는 들뢰즈와 가타리의 '기계적 배치(machinic assemblage)' 개념을 비판적으로 변용한 것이다. '배치'가 이질적인 요소들이 맺는 역동적인 관계망을 의미한다면, '기술-전략적 결합체'는 아이폰이라는 기술적 요소가 박찬욱이라는 창작 주체의 제도비평적 '전략'과 결합하여, 기존 영화 시스템의 영토에 균열을 내고 새로운 창작의 가능성을 모색하는 특수한 작동 방식을 지칭한다.",
81,,,"유주연, 「박찬욱 감독의 첫 아이폰영화 파란만장」, 『매일경제』.",
82,,,"박찬욱은 제61회 베를린 영화제 황금곰상 단편영화 부문, 제44회 시체스 영화제 오피셜 놉스 비젼 최우수작품상을 수상했으며, KT 또한 이 영화를 통해 2011년 대한민국 광고제 대상, Spikes Asia Advertising Festival 은상 등 각종 국제광고제를 수상했다.",
83,,,"막스 호르크하이머·테오도어 W. 아도르노, 『계몽의 변증법: 철학적 단상』, 김유동 옮김 (서울: 문학과지성사, 2001). 「문화 산업: 대중 기만으로서의 계몽」 장에서, 예술은 자본의 논리로부터 자유롭기는커녕, 자본의 지배를 정당화하고 재생산하는 핵심적인 도구임을 주장한다.",
84,,,"고티에 테오필, 모팽 양, 권유현 (열림원, 2020).",
85,,,"피에르 부르디외, 『구별짓기: 문화적 취향의 사회학 上』, 최종철 옮김 (서울: 새물결, 2005). 부르디외에게 상징 자본은 경제, 문화, 사회 자본 등이 사회적으로 정당성을 인정받아 명예, 위신, 권위의 형태로 전환된 자본을 의미한다.",
86,,,"성연주, 「청년예술이 상징자본이 될 수 있는가?: 〈서울청년예술단〉 사업에 관한 사례연구」, 『문화와 사회』 31, no. 2 (2023): 18–21. 해당 논문은 청년 예술 공공 사업의 실패 원인의 핵심이 정책이 청년예술인을 자율적인 창작 주체가 아닌 복지가 필요한 '시혜적 대상'으로 규정했기 때문이라 진단한다.",
87,,,아이폰 4의 카메라는 작은 센서 크기로 인해 모든 원근이 거의 동시에 초점이 맞게 된다. 아이폰의 아웃포커싱 기능은 소프트웨어로 후처리한 이미지이다.,
88,,,DSLR(Digital Single-Lens Reflex Camera) 이미지 센서 풀프레임(Full Frame/FF) 또한 영화용 35mm 필름과 같은 사이즈를 사용한다.,
89,,,"필름 혹은 이미지 센서의 크기가 작을수록 화각이 좁아지고, 표준 필름과 같은 사이즈의 화각을 촬영하려면 초점거리가 짧은 렌즈를 사용해야만 가능. 필연적으로 심도가 깊어진다.",
90,,,"Deleuze, Cinema 2, 들뢰즈의 시간-이미지 및 크리스탈이미지는 이미지의 우연적 연접과 모든 요소의 전경화(평면성)를 존재론적 조건으로 한다.",
91,,,"박선, 『카메라 소메티카』. 뉴미디어 시대의 수용자가 스크린 세계를 물리적 현실의 일부로 수용하고 신체와 감각을 동원하여 이미지를 체험하는 현상을 카메라 소메티카로 설명",
92,,,"이종철, 「아이폰 13 프로로 찍다, 박찬욱 감독 '일장춘몽' 제작 비하인드」, 『바이라인 네트워크』, 2022년 2월 18일. 박찬욱 감독은 이후 아이폰 13 프로로 촬영한 단편 <일장춘몽>(2022)에서도 이러한 근접성의 효과를 적극적으로 활용했다. 배우 박정민은 작은 기기가 만들어내는 독특한 촬영 환경과 그것이 배우의 연기에 미치는 직접적인 영향을 증언했다.",
93,,,"(PARKing CHANce, 2011), [19:09], [18:46] 캡처.",
94,,,"발터 벤야민, 「기술복제시대의 예술작품」; 들뢰즈, 『시네마 2』 참조. '정동적 충격(Affective Shock)'은 벤야민이 영화 매체의 현대적 경험으로 분석한 '충격(Shock)' 개념과, 들뢰즈가 신체에 직접적으로 가해지는 강도로 정의한 '정동(Affect)' 개념을 종합하여 구성한 것으로, 이미지의 물질성이 관객의 신체에 직접적으로 가하는 감각적 충격을 지칭한다.",
95,,,"(PARKing CHANce, 2011), [09:51], [10:47] 캡처.",
96,,,"자크 데리다, 『마르크스의 유령들』, 진태원 옮김 (서울: 이제이북스, 2012). 데리다에게 유령(specter)은 과거로부터 출몰하며 현재의 질서를 교란하는 역설적 존재이다. 〈파란만장〉의 흑백 이미지가 자아내는 미학적 분위기는 물론, 디지털 시대에 출몰하는 과거 시네마(필름)의 흔적을 분석하는 비평적 개념으로 사용한다.",
97,,,"(PARKing CHANce, 2011), [07:10] , [09:19] 캡쳐",
98,,,"미셸 푸코, 『헤테로토피아』, 이상길 옮김 (서울: 문학과지성사, 2014). 푸코에게 헤테로토피아는 '타자적 공간'을 의미한다. 극장은 어둠, 고정된 좌석, 외부와의 단절을 통해 일상과 분리된 고유한 경험을 창출하는 대표적인 헤테로토피아이다. 〈파란만장〉은 이 공간의 암묵적 규칙(고화질)을 위반함으로써 헤테로토피아의 경계를 무너뜨린다.",
99,,,"바쟁, 『영화란 무엇인가』, 25.",
100,,,https://vimeo.com/115480849,
101,,,"Casetti, Lumière Galaxy. 카세티에게 '디스플레이'는 전통적인 스크린의 은유(창, 프레임, 거울)와 달리, 단순히 이미지를 사용자 앞에 '현전하게' 만드는 정보의 표면을 의미한다.",
102,,,"Anne Friedberg, ""The End of Cinema: Multimedia and Technological Change,"" in Reinventing Film Studies, eds. Christine Gledhill and Linda Williams (London: Arnold, 2000), 439.",
103,,,"들뢰즈·가타리, 『천 개의 고원』.",
104,,,같은 책.,
105,,,"KT 홍보라는 태생적 목적 때문에, 이 영화는 최대한 많은 사람이 보는 것이 중요했고, 따라서 온라인 무료 공개는 처음부터 예정된 수순이다.",
106,,,"스마트폰으로 영화를 보는 것은 더 이상 '열등한' 경험이 아니라, '친밀하고(intimate)', '사적인(private)' 특성을 가진 '다른 종류의' 경험이다. 극장의 스펙터클과 스마트폰의 친밀함은 우열의 관계가 아닌, 선택의 문제이다.",
107,,,"발터 벤야민, 「기술복제시대의 예술작품」, 『발터 벤야민 선집 2: 기술복제시대의 예술작품/사진의 작은 역사 외』, 최성만 옮김 (서울: 길, 2015).",
108,,,Guillaume Python. ©PARKing CHANce. Production by MOHO FILM,
109,,,"유지나, 「〈소공녀〉, 취향의 배치와 탈영토화 여정 연구」, 『씨네포럼』 44호 (2021): 93.",
110,,,"서울시립미술관 'HIGHLIGHTS' 까르띠에 현대미술재단 소장전, PARKing CHANce 인터뷰.",
111,,,"본고에서는 J. L. 오스틴(J. L. Austin)으로부터 시작되어 확장된 수행(Performance) 개념과, 창작자의 의도적 설계를 강조하는 시나리오(Scenario) 개념을 결합한다. 이는 〈파란만장〉의 사례처럼, 창작자가 단순히 결과물(영화 파일)을 만드는 것을 넘어, 관객이 특정 시공간(미술관)에서 겪게 될 총체적 경험의 과정 자체를 연출하고 통제하는 새로운 창작 방법론을 지칭한다.",
112,,,"PARKing CHANce, 2011, [29:12] 캡처.",
113,,,"PARKing CHANce, 2011, [ 29:12] 캡처.",
114,,,"'정동적 과잉'은 감각적·정서적 표현을 의미한다. 공포, 멜로드라마, 포르노그래피와 같은 '신체 장르(body genres)'에서 주로 나타난다.",
115,,,"PARKing CHANce, 2011, [8:39] 캡처.",
116,,,"유지나, 「〈소공녀〉, 취향의 배치와 탈영토화 여정 연구」, 『씨네포럼』 44호 (2021): 93.",
117,,,"Steyerl, ""In Defense of the Poor Image,"" 8. 이미지의 진실은 원본의 선명함이나 재현의 정확성에 있는 것이 아니라, 그 이미지가 어떻게 유통되고, 공유되며, 새로운 맥락 속에서 어떤 정치적·사회적 의미를 획득하는가의 과정에 있다. 따라서 〈파란만장〉에서 순간적으로 드러나는 컬러 이미지는 '선명한 원본'으로의 회귀가 아니라, 오히려 이미지의 제작 조건과 기술적 한계를 폭로함으로써 관객에게 '어떤 이미지를, 어떻게 보여줄 것인가'라는 매체적 선택의 윤리를 성찰하게 만드는 수행적 장치로 기능한다.",
118,,,"들뢰즈·가타리, 『천 개의 고원』, 452–453. 이들은 '-되기'를 ""모방도 아니고 동화도 아니""며, 두 항 사이에서 공통의 탈영토화 운동을 찾아내는 것이라 설명한다. 관객은 영화와 접속하며 '수행하는 주체-되기'를 통해 기존의 자신으로부터 탈영토화된다.",
119,,,"(PARKing CHANce, 2011), [29:40] 캡처",
120,,,"Steyerl, ""In Defense of the Poor Image,"" 8. 슈타이얼은 이 글에서 이미지의 가치가 원본성이 아닌 유통과 접속의 과정에서 발생한다고 주장한다.",
121,,,"유지나, 「〈소공녀〉, 취향의 배치와 탈영토화 여정 연구」, 93. 해당 논문은 주인공 미소의 여정을 ""남들처럼 살아가는 상식적인 사회적 흐름으로부터 역행하는 미소의 소수자로서 '자신-되기' 생성 과정""으로 규정하며, '-되기'가 사회적 다수자의 길을 거부하는 소수적 실천임을 보여준다.",
